{
    "swaggerVersion": "1.2",
    "apiVersion": "1.0",
    "basePath": "https://api.ge.com/aviation/services",
    "resourcePath": "/engineProfile",
    "apis": [
   		 {
            "path": "/data/events/v1/shop",
            "description": "Get Shop Event Detail by ESN",
	    	"shortdescription": "Shop Event Detail by ESN",
            "operations": [
                {
                    "nickname": "myGEAviation",
                    "method": "GET",
                    "summary": "Get Shop Event Detail by ESN",
                    "type": "string",
                    "produces": [
                        "application/json"
                    ],
                    "parameters": [
                       
                        {
                            "name": "esn",
                            "paramType": "path",
                            "allowMultiple": false,
                            "required": true,
                            "type": "string"
                        },
                        {
                            "name": "timeline",
                            "paramType": "query",
                            "allowMultiple": false,
                            "required": true,
                            "type": "string"
                        }
                    ]
                }
            ]
        },
        {
            "path": "/data/engines/v1/enginedetails",
            "description": "Get Engine Detail by ESN",
	    	"shortdescription": "Engine Detail by ESN",
            "operations": [
                {
                    "nickname": "myGEAviation",
                    "method": "GET",
                    "summary": "Get Engine Detail by ESN",
                    "type": "string",
                    "produces": [
                        "application/json"
                    ],
                    "parameters": [
                       
                        {
                            "name": "esn",
                            "paramType": "path",
                            "allowMultiple": false,
                            "required": true,
                            "type": "string"
                        }
                    ]
                }
            ]
        },
        {
            "path": "/data/parts/v1/llp/fdm",
            "description": "Get llp detail by ESN",
	    	"shortdescription": "Get llp detail by ESN",
            "operations": [
                {
                    "nickname": "myGEAviation",
                    "method": "GET",
                    "summary": "Get llp detail by ESN",
                    "type": "string",
                    "produces": [
                        "application/json"
                    ],
                    "parameters": [
                       
                        {
                            "name": "esn",
                            "paramType": "path",
                            "allowMultiple": false,
                            "required": true,
                            "type": "string"
                        }
                    ]
                }
            ]
        }
        ,{
            "path": "/data/engines/v1/truenginedetails",
            "description": "Get true engine utilization by ESN",
	    	"shortdescription": "True engine utilization by ESN",
            "operations": [
                {
                    "nickname": "myGEAviation",
                    "method": "GET",
                    "summary": "Get true engine utilization by ESN",
                    "type": "string",
                    "produces": [
                        "application/json"
                    ],
                    "parameters": [
                       
                        {
                            "name": "esn",
                            "paramType": "path",
                            "allowMultiple": false,
                            "required": true,
                            "type": "string"
                        }
                    ]
                }
            ]
        },
        {
            "path": "/data/engines/v1/enginedetails",
            "description": "Get Engine Details By Organization Id",
            "shortdescription": "Engine Details By Org Id",
            "operations": [
                {
                    "nickname": "myGEAviation",
                    "method": "GET",
                    "summary": "Get Engine Details By Organization Id",
                    "type": "string",
                    "produces": [
                        "application/json"
                    ],
                    "parameters": [
                        {
                            "name": "orgid",
                            "paramType": "query",
                            "allowMultiple": false,
                            "required": true,
                            "type": "string"
                        }
                    ]
                }
            ]
        },
    	{
            "path": "/data/parts/v1/partsinfo",
            "description": "Get the part details",
            "shortdescription": "Get the part details",
            "operations": [
                {
                    "nickname": "myGEAviation",
                    "method": "GET",
                    "summary": "Get the health status based on engine Id",
                    "type": "string",
                    "produces": [
                        "application/json"
                    ],
                    "parameters": [
                       
                        {
                            "name": "modelid",
                            "paramType": "query",
                            "allowMultiple": false,
                            "required": true,
                            "type": "string"
                        },
                        {
                            "name": "partname",
               
             "paramType": "query",
                            "allowMultiple": false,
                            "required": true,
                            "type": "string"
                        }
                    ]
                }
            ]
        },
        {
            "path": "/diagnostics/engineProfile/engineHealthStatus/{engineID}",
            "description": "Get the health status based on engine Id",
            "shortdescription": "The health status by engine Id",
            "operations": [
                {
                    "nickname": "myGEAviation",
                    "method": "GET",
                    "summary": "Get the health status based on engine Id",
                    "type": "string",
                    "produces": [
                        "application/json"
                    ],
                    "parameters": [
                        {
                            "name": "engineID",
                            "paramType": "path",
                            "allowMultiple": false,
                            "required": true,
                            "type": "string"
                        },
                        {
                            "name": "iDisplayLength",
                            "paramType": "query",
                            "allowMultiple": false,
                            "required": true,
                            "type": "string"
                        },
                        {
                            "name": "iDisplayStart",
                            "paramType": "query",
                            "allowMultiple": false,
                            "required": true,
                            "type": "string"
                        }
                    ]
                }
            ]
        },
        {
            "path": "/diagnostics/engineProfile/engineProfiles",
            "description": "Get engineProfile details",
            "shortdescription": "Get engineProfile details",
            "operations": [
                {
                    "nickname": "myGEAviation",
                    "method": "POST",
                    "summary": "Get engineProfile details",
                    "type": "string",
                    "produces": [
                        "application/json"
                    ],
                    "parameters": [
                        {
                            "name": "iDisplayLength",
                            "paramType": "query",
                            "allowMultiple": false,
                            "required": false,
                            "type": "string"
                        },
                        {
                            "name": "iDisplayStart",
                            "paramType": "query",
                            "allowMultiple": false,
                            "required": false,
                            "type": "string"
                        },
                        {
                            "name": "body",
                            "paramType": "body",
                            "allowMultiple": false,
                            "description": "Request body",
                            "required": true,
                            "type": "string"
                        }
                    ]
                }
            ]
        },
        {
            "path": "/diagnostics/engineProfile/engineProfiles/aircraft/{aircraftType}",
            "description": "Get engineProfile details by passing aircraft type",
            "shortdescription": "EngineProfile details by aircraft type",
            "operations": [
                {
                    "nickname": "myGEAviation",
                    "method": "POST",
                    "summary": "Get engineProfile details by passing aircraft type",
                    "type": "string",
                    "produces": [
                        "application/json"
                    ],
                    "parameters": [
                        {
                            "name": "aircraftType",
                            "paramType": "path",
                            "allowMultiple": false,
                            "required": true,
                            "type": "string"
                        },
                        {
                            "name": "iDisplayLength",
                            "paramType": "query",
                            "allowMultiple": false,
                            "required": false,
                            "type": "string"
                        },
                        {
                            "name": "iDisplayStart",
                            "paramType": "query",
                            "allowMultiple": false,
                            "required": false,
                            "type": "string"
                        },
                        {
                            "name": "sEcho",
                            "paramType": "query",
                            "allowMultiple": false,
                            "required": false,
                            "type": "string"
                        },
                        {
                            "name": "body",
                            "paramType": "body",
                            "allowMultiple": false,
                            "description": "Request body",
                            "required": true,
                            "type": "string"
                        }
                    ]
                }
            ]
        },
        {
            "path": "/diagnostics/engineProfile/engineProfiles/aircraft/{aircraftType}/{aircraftTail}",
            "description": "Get engineProfile details by passing aircraftType and aircraft tail number",
            "shortdescription": "EngineProfile details by aircraftType and tail number",
            "operations": [
                {
                    "nickname": "myGEAviation",
                    "method": "POST",
                    "summary": "Get engineProfile details by passing aircraftType and aircraft tail number",
                    "type": "string",
                    "produces": [
                        "application/json"
                    ],
                    "parameters": [
                        {
                            "name": "aircraftType",
                            "paramType": "path",
                            "allowMultiple": false,
                            "required": true,
                            "type": "string"
                        },
                        {
                            "name": "aircraftTail",
                            "paramType": "path",
                            "allowMultiple": false,
                            "required": true,
                            "type": "string"
                        },
                        {
                            "name": "iDisplayLength",
                            "paramType": "query",
                            "allowMultiple": false,
                            "required": false,
                            "type": "string"
                        },
                        {
                            "name": "iDisplayStart",
                            "paramType": "query",
                            "allowMultiple": false,
                            "required": false,
                            "type": "string"
                        },
                        {
                            "name": "sEcho",
                            "paramType": "query",
                            "allowMultiple": false,
                            "required": false,
                            "type": "string"
                        },
                        {
                            "name": "body",
                            "paramType": "body",
                            "allowMultiple": false,
                            "description": "Request body",
                            "required": true,
                            "type": "string"
                        }
                    ]
                }
            ]
        },{
            "path": "/diagnostics/engineProfile/engineProfiles/engine",
            "description": "Get engineProfile engine details",
            "shortdescription": "Get Engine Profile",
            "operations": [
                {
                    "nickname": "myGEAviation",
                    "method": "POST",
                    "summary": "Get engineProfile engine details",
                    "type": "string",
                    "produces": [
                        "application/json"
                    ],
                    "parameters": [
                        {
                            "name": "iDisplayStart",
                            "paramType": "query",
                            "allowMultiple": false,
                            "required": false,
                            "type": "string"
                        },
                        {
                            "name": "iDisplayLength",
                            "paramType": "query",
                            "allowMultiple": false,
                            "required": false,
                            "type": "string"
                        },
                        {
                            "name": "esnList",
                            "paramType": "query",
                            "allowMultiple": false,
                            "required": false,
                            "type": "string"
                        },
                        {
                            "name": "sEcho",
                            "paramType": "query",
                            "allowMultiple": false,
                            "required": false,
                            "type": "string"
                        },
                        {
                            "name": "body",
                            "paramType": "body",
                            "allowMultiple": false,
                            "description": "Request body",
                            "required": true,
                            "type": "string"
                        }
                    ]
                }
            ]
        },
        {
            "path": "/diagnostics/engineProfile/engineProfiles/engine/{engineFamily}",
            "description": "Get engineProfile details by passing engine Family",
            "shortdescription": "EngineProfile details by engine Family",

            "operations": [
                {
                    "nickname": "myGEAviation",
                    "method": "POST",
                    "summary": "Get engineProfile details by passing engine Family",
                    "type": "string",
                    "produces": [
                        "application/json"
                    ],
                    "parameters": [
                        {
                            "name": "engineFamily",
                            "paramType": "path",
                            "allowMultiple": false,
                            "required": true,
                            "type": "string"
                        },
                        {
                            "name": "iDisplayStart",
                            "paramType": "query",
                            "allowMultiple": false,
                            "required": false,
                            "type": "string"
                        },
                        {
                            "name": "iDisplayLength",
                            "paramType": "query",
                            "allowMultiple": false,
                            "required": false,
                            "type": "string"
                        },
                        {
                            "name": "body",
                            "paramType": "body",
                            "allowMultiple": false,
                            "description": "Request body",
                            "required": true,
                            "type": "string"
                        }
                    ]
                }
            ]
        },
        {
            "path": "/diagnostics/engineProfile/engineProfiles/engine/{engineFamily}/{engineModel}",
            "description": "Get engineProfile details by passing engine Family and engine Model",
            "shortdescription": "EngineProfile details by engine Family and Model",
            
            "operations": [
                {
                    "nickname": "myGEAviation",
                    "method": "POST",
                    "summary": "Get engineProfile details by passing engine Family and engine Model",
                    "type": "string",
                    "produces": [
                        "application/json"
                    ],
                    "parameters": [
                        {
                            "name": "engineFamily",
                            "paramType": "path",
                            "allowMultiple": false,
                            "required": true,
                            "type": "string"
                        },
                        {
                            "name": "engineModel",
                            "paramType": "path",
                            "allowMultiple": false,
                            "required": true,
                            "type": "string"
                        },
                        {
                            "name": "iDisplayLength",
                            "paramType": "query",
                            "allowMultiple": false,
                            "required": false,
                            "type": "string"
                        },
                        {
                            "name": "iDisplayStart",
                            "paramType": "query",
                            "allowMultiple": false,
                            "required": false,
                            "type": "string"
                        },
                        {
                            "name": "body",
                            "paramType": "body",
                            "allowMultiple": false,
                            "description": "Request body",
                            "required": true,
                            "type": "string"
                        }
                    ]
                }
            ]
        },
        {
            "path": "/diagnostics/engineProfile/maintenance/maintenances",
            "description": "Get engine maintainence information",
            "shortdescription": "Get engine maintainence information",
            "operations": [
                {
                    "nickname": "myGEAviation",
                    "method": "GET",
                    "summary": "Get engine maintainence information",
                    "type": "string",
                    "produces": [
                        "application/json"
                    ],
                    "parameters": [
                        {
                            "name": "noOfDays",
                            "paramType": "query",
                            "allowMultiple": false,
                            "required": false,
                            "type": "int"
                        },
                        {
                            "name": "iDisplayStart",
                            "paramType": "query",
                            "allowMultiple": false,
                            "required": false,
                            "type": "int"
                        },
                        {
                            "name": "iDisplayLength",
                            "paramType": "query",
                            "allowMultiple": false,
                            "required": false,
                            "type": "int"
                        },
                        {
                            "name": "sEcho",
                            "paramType": "query",
                            "allowMultiple": false,
                            "required": false,
                            "type": "string"
                        }
                    ]
                }
            ]
        },
        {
            "path": "/diagnostics/engineProfile/maintenance/maintenances/aircraft/{aircraftType}",
            "description": "Get engine maintainence information by passing aircraft Type",
            "shortdescription": "Engine maintainence details by aircraft Type",

            "operations": [
                {
                    "nickname": "myGEAviation",
                    "method": "GET",
                    "summary": "Get engine maintainence information by passing aircraft Type",
                    "type": "string",
                    "produces": [
                        "application/json"
                    ],
                    "parameters": [
                        {
                            "name": "noOfDays",
                            "paramType": "query",
                            "allowMultiple": false,
                            "required": false,
                            "type": "int"
                        },
                        {
                            "name": "iDisplayStart",
                            "paramType": "query",
                            "allowMultiple": false,
                            "required": false,
                            "type": "int"
                        },
                        {
                            "name": "iDisplayLength",
                            "paramType": "query",
                            "allowMultiple": false,
                            "required": false,
                            "type": "int"
                        },
                        {
                            "name": "sEcho",
                            "paramType": "query",
                            "allowMultiple": false,
                            "required": false,
                            "type": "string"
                        },
                        {
                            "name": "aircraftType",
                            "paramType": "path",
                            "allowMultiple": false,
                            "required": true,
                            "type": "string"
                        }
                    ]
                }
            ]
        },
        {
            "path": "/diagnostics/engineProfile/maintenance/maintenances/aircraft/{aircraftType}/{aircraftTail}",
            "description": "Get engine maintainence information by passing aircraftType and aircraft Tail",
            "shortdescription": "Engine maintainence details by aircraftType and Tail",
            "operations": [
                {
                    "nickname": "myGEAviation",
                    "method": "GET",
                    "summary": "Get engine maintainence information by passing aircraftType and aircraft Tail",
                    "type": "string",
                    "produces": [
                        "application/json"
                    ],
                    "parameters": [
                        {
                            "name": "noOfDays",
                            "paramType": "query",
                            "allowMultiple": false,
                            "required": false,
                            "type": "int"
                        },
                        {
                            "name": "iDisplayStart",
                            "paramType": "query",
                            "allowMultiple": false,
                            "required": false,
                            "type": "int"
                        },
                        {
                            "name": "iDisplayLength",
                            "paramType": "query",
                            "allowMultiple": false,
                            "required": false,
                            "type": "int"
                        },
                        {
                            "name": "sEcho",
                            "paramType": "query",
                            "allowMultiple": false,
                            "required": false,
                            "type": "string"
                        },
                        {
                            "name": "aircraftType",
                            "paramType": "path",
                            "allowMultiple": false,
                            "required": true,
                            "type": "string"
                        },
                        {
                            "name": "aircraftTail",
                            "paramType": "path",
                            "allowMultiple": false,
                            "required": true,
                            "type": "string"
                        }
                    ]
                }
            ]
        },
        {
            "path": "/diagnostics/engineProfile/maintenance/maintenances/engine",
            "description": "Get engine maintainence information by ESNs",
            "shortdescription": "Get engine maintainence information by ESNs",
            "operations": [
                {
                    "nickname": "myGEAviation",
                    "method": "GET",
                    "summary": "Get engine maintainence information by engine",
                    "type": "string",
                    "produces": [
                        "application/json"
                    ],
                    "parameters": [
                        {
                            "name": "esnList",
                            "paramType": "query",
                            "allowMultiple": false,
                            "required": false,
                            "type": "string"
                        },
                        {
                            "name": "noOfDays",
                            "paramType": "query",
                            "allowMultiple": false,
                            "required": false,
                            "type": "int"
                        },
                        {
                            "name": "iDisplayStart",
                            "paramType": "query",
                            "allowMultiple": false,
                            "required": false,
                            "type": "int"
                        },
                        {
                            "name": "iDisplayLength",
                            "paramType": "query",
                            "allowMultiple": false,
                            "required": false,
                            "type": "int"
                        },
                        {
                            "name": "sEcho",
                            "paramType": "query",
                            "allowMultiple": false,
                            "required": false,
                            "type": "string"
                        }
                    ]
                }
            ]
        },
        {
            "path": "/diagnostics/engineProfile/maintenance/maintenances/engine/{engineFamily}",
            "description": "Get engine maintainance information by passing engineFamily",
            "shortdescription": "Engine maintainance details by engineFamily",
            "operations": [
                {
                    "nickname": "myGEAviation",
                    "method": "GET",
                    "summary": "Get engine maintainance information by passing engineFamily",
                    "type": "string",
                    "produces": [
                        "application/json"
                    ],
                    "parameters": [
                        {
                            "name": "noOfDays",
                            "paramType": "query",
                            "allowMultiple": false,
                            "required": false,
                            "type": "int"
                        },
                        {
                            "name": "iDisplayStart",
                            "paramType": "query",
                            "allowMultiple": false,
                            "required": false,
                            "type": "int"
                        },
                        {
                            "name": "iDisplayLength",
                            "paramType": "query",
                            "allowMultiple": false,
                            "required": false,
                            "type": "int"
                        },
                        {
                            "name": "sEcho",
                            "paramType": "query",
                            "allowMultiple": false,
                            "required": false,
                            "type": "string"
                        },
                        {
                            "name": "engineFamily",
                            "paramType": "path",
                            "allowMultiple": false,
                            "required": true,
                            "type": "string"
                        }
                    ]
                }
            ]
        },
        {
            "path": "/diagnostics/engineProfile/maintenance/maintenances/engine/{engineFamily}/{engineModel}",
            "description": "Get engine maintainance information by passing engineFamily and engine Model",
            "shortdescription": "Engine maintainance details by engineFamily and Model",
            "operations": [
                {
                    "nickname": "myGEAviation",
                    "method": "GET",
                    "summary": "Get engine maintainance information by passing engineFamily and engine Model",
                    "type": "string",
                    "produces": [
                        "application/json"
                    ],
                    "parameters": [
                        {
                            "name": "noOfDays",
                            "paramType": "query",
                            "allowMultiple": false,
                            "required": false,
                            "type": "int"
                        },
                        {
                            "name": "iDisplayStart",
                            "paramType": "query",
                            "allowMultiple": false,
                            "required": false,
                            "type": "int"
                        },
                        {
                            "name": "iDisplayLength",
                            "paramType": "query",
                            "allowMultiple": false,
                            "required": false,
                            "type": "int"
                        },
                        {
                            "name": "sEcho",
                            "paramType": "query",
                            "allowMultiple": false,
                            "required": false,
                            "type": "string"
                        },
                        {
                            "name": "engineFamily",
                            "paramType": "path",
                            "allowMultiple": false,
                            "required": true,
                            "type": "string"
                        },
                        {
                            "name": "engineModel",
                            "paramType": "path",
                            "allowMultiple": false,
                            "required": true,
                            "type": "string"
                        }
                    ]
                }
            ]
        },
        {
            "path": "/diagnostics/engineProfile/alarm/alarms",
            "description": "Get alarms widget from engine Profile",
            "shortdescription": "Get alarms widget from engine Profile",
            "operations": [
                {
                    "nickname": "myGEAviation",
                    "method": "GET",
                    "summary": "Get alarms widget from engine Profile",
                    "type": "string",
                    "produces": [
                        "application/json"
                    ],
                    "parameters": [
                        {
                            "name": "noOfDays",
                            "paramType": "query",
                            "allowMultiple": false,
                            "required": false,
                            "type": "int"
                        },
                        {
                            "name": "iDisplayStart",
                            "paramType": "query",
                            "allowMultiple": false,
                            "required": false,
                            "type": "int"
                        },
                        {
                            "name": "iDisplayLength",
                            "paramType": "query",
                            "allowMultiple": false,
                            "required": false,
                            "type": "int"
                        },
                        {
                            "name": "sEcho",
                            "paramType": "query",
                            "allowMultiple": false,
                            "required": false,
                            "type": "string"
                        }
                    ]
                }
            ]
        },
        {
            "path": "/diagnostics/engineProfile/alarm/alarms/aircraft/{aircraftType}",
            "description": "Get engine Profile alarms information by passing aircraft Type",
            "shortdescription": "Engine Profile alarms details by aircraft Type",
            "operations": [
                {
                    "nickname": "myGEAviation",
                    "method": "GET",
                    "summary": "Get engine Profile alarms information by passing aircraft Type",
                    "type": "string",
                    "produces": [
                        "application/json"
                    ],
                    "parameters": [
                        {
                            "name": "noOfDays",
                            "paramType": "query",
                            "allowMultiple": false,
                            "required": false,
                            "type": "int"
                        },
                        {
                            "name": "iDisplayStart",
                            "paramType": "query",
                            "allowMultiple": false,
                            "required": false,
                            "type": "int"
                        },
                        {
                            "name": "iDisplayLength",
                            "paramType": "query",
                            "allowMultiple": false,
                            "required": false,
                            "type": "int"
                        },
                        {
                            "name": "sEcho",
                            "paramType": "query",
                            "allowMultiple": false,
                            "required": false,
                            "type": "string"
                        },
                        {
                            "name": "aircraftType",
                            "paramType": "path",
                            "allowMultiple": false,
                            "required": true,
                            "type": "string"
                        }
                    ]
                }
            ]
        },
        {
            "path": "/diagnostics/engineProfile/alarm/alarms/aircraft/{aircraftType}/{aircraftTail}",
            "description": "Get engine Profile alarms information by passing aircraft Type and aircraft Tail number",
            "shortdescription": "Engine Profile alarms details by aircraft Type and Tail number",
            "operations": [
                {
                    "nickname": "myGEAviation",
                    "method": "GET",
                    "summary": "Get engine Profile alarms information by passing aircraft Type and aircraft Tail number",
                    "type": "string",
                    "produces": [
                        "application/json"
                    ],
                    "parameters": [
                        {
                            "name": "noOfDays",
                            "paramType": "query",
                            "allowMultiple": false,
                            "required": false,
                            "type": "int"
                        },
                        {
                            "name": "iDisplayStart",
                            "paramType": "query",
                            "allowMultiple": false,
                            "required": false,
                            "type": "int"
                        },
                        {
                            "name": "iDisplayLength",
                            "paramType": "query",
                            "allowMultiple": false,
                            "required": false,
                            "type": "int"
                        },
                        {
                            "name": "sEcho",
                            "paramType": "query",
                            "allowMultiple": false,
                            "required": false,
                            "type": "string"
                        },
                        {
                            "name": "aircraftType",
                            "paramType": "path",
                            "allowMultiple": false,
                            "required": true,
                            "type": "string"
                        },
                        {
                            "name": "aircraftTail",
                            "paramType": "path",
                            "allowMultiple": false,
                            "required": true,
                            "type": "string"
                        }
                    ]
                }
            ]
        },
        {
            "path": "/diagnostics/engineProfile/alarm/alarms/engine",
            "description": "Get engine Profile alarms information by passing engine ids information",
            "shortdescription": "Engine Profile alarms details by engine ids ",
            "operations": [
                {
                    "nickname": "myGEAviation",
                    "method": "GET",
                    "summary": "Get engine Profile alarms information by passing engine ids information",
                    "type": "string",
                    "produces": [
                        "application/json"
                    ],
                    "parameters": [
                        {
                            "name": "esnList",
                            "paramType": "query",
                            "allowMultiple": false,
                            "required": false,
                            "type": "string"
                        },
                        {
                            "name": "noOfDays",
                            "paramType": "query",
                            "allowMultiple": false,
                            "required": false,
                            "type": "int"
                        },
                        {
                            "name": "iDisplayStart",
                            "paramType": "query",
                            "allowMultiple": false,
                            "required": false,
                            "type": "int"
                        },
                        {
                            "name": "iDisplayLength",
                            "paramType": "query",
                            "allowMultiple": false,
                            "required": false,
                            "type": "int"
                        },
                        {
                            "name": "sEcho",
                            "paramType": "query",
                            "allowMultiple": false,
                            "required": false,
                            "type": "string"
                        }
                    ]
                }
            ]
        },
        {
            "path": "/diagnostics/engineProfile/alarm/alarms/engine/{engineFamily}",
            "description": "Get engine Profile alarms information by passing engine family",
            "shortdescription": "Engine Profile alarms details by engine family",
            "operations": [
                {
                    "nickname": "myGEAviation",
                    "method": "GET",
                    "summary": "Get engine Profile alarms information by passing engine family",
                    "type": "string",
                    "produces": [
                        "application/json"
                    ],
                    "parameters": [
                        {
                            "name": "noOfDays",
                            "paramType": "query",
                            "allowMultiple": false,
                            "required": false,
                            "type": "int"
                        },
                        {
                            "name": "iDisplayStart",
                            "paramType": "query",
                            "allowMultiple": false,
                            "required": false,
                            "type": "int"
                        },
                        {
                            "name": "iDisplayLength",
                            "paramType": "query",
                            "allowMultiple": false,
                            "required": false,
                            "type": "int"
                        },
                        {
                            "name": "sEcho",
                            "paramType": "query",
                            "allowMultiple": false,
                            "required": false,
                            "type": "string"
                        },
                        {
                            "name": "engineFamily",
                            "paramType": "path",
                            "allowMultiple": false,
                            "required": true,
                            "type": "string"
                        }
                    ]
                }
            ]
        },
        {
            "path": "/diagnostics/engineProfile/alarm/alarms/engine/{engineFamily}/{engineModel}",
            "description": "Get engine Profile alarms information by passing engine Family and engineModel",
            "shortdescription": "Engine Profile alarms details by engine Family and Model",
            "operations": [
                {
                    "nickname": "myGEAviation",
                    "method": "GET",
                    "summary": "Get engine Profile alarms information by passing engine Family and engineModel",
                    "type": "string",
                    "produces": [
                        "application/json"
                    ],
                    "parameters": [
                        {
                            "name": "noOfDays",
                            "paramType": "query",
                            "allowMultiple": false,
                            "required": false,
                            "type": "int"
                        },
                        {
                            "name": "iDisplayStart",
                            "paramType": "query",
                            "allowMultiple": false,
                            "required": false,
                            "type": "int"
                        },
                        {
                            "name": "iDisplayLength",
                            "paramType": "query",
                            "allowMultiple": false,
                            "required": false,
                            "type": "int"
                        },
                        {
                            "name": "sEcho",
                            "paramType": "query",
                            "allowMultiple": false,
                            "required": false,
                            "type": "string"
                        },
                        {
                            "name": "engineFamily",
                            "paramType": "path",
                            "allowMultiple": false,
                            "required": true,
                            "type": "string"
                        },
                        {
                            "name": "engineModel",
                            "paramType": "path",
                            "allowMultiple": false,
                            "required": true,
                            "type": "string"
                        }
                    ]
                }
            ]
        },{
            "path": "/diagnostics/engineProfile/alarm/alarms/alerts",
            "description": "to get engine Profile application using ICDL alerts widget",
            "shortdescription": "Engine Profile application using ICDL alerts widget",
            "operations": [
                {
                    "nickname": "myGEAviation",
                    "method": "POST",
                    "summary": "Engine Profile Alerts Information from RDO and ICDL",
                    "type": "AlarmICDLDetails",
					"produces": ["application/xml","application/json"],
					"consumes" : ["application/json"],
                    "parameters": [
                        {
                            "name": "iDisplayStart",
                            "paramType": "query",
                            "allowMultiple": false,
                            "required": true,
							"description" : "eg. 0",
                            "type": "String"
                        },
                        {
                            "name": "iDisplayLength",
                            "paramType": "query",
                            "allowMultiple": false,
                            "required": true,
							"description" : "number of records to display eg. 20",
                            "type": "String"
                        },
                        {
                            "name": "esn",
                            "paramType": "query",
                            "allowMultiple": false,
                            "required": false,
							"description" : "ESN eg. 451100",
                            "type": "String"
                        },
                        {
                            "name": "aircraftType",
                            "paramType": "query",
                            "allowMultiple": false,
                            "required": false,
							"description" : "aircraft Type eg. MD10-10",
                            "type": "String"
                        },
                        {
                            "name": "engineFamily",
                            "paramType": "query",
                            "allowMultiple": false,
                            "required": false,
							"description" : "engine Family eg. CF6-50C",
                            "type": "String"
                        },	{
                            "name": "engineModel",
                            "paramType": "query",
                            "allowMultiple": false,
                            "required": false,
							"description" : "engine Model  eg. CF6-6D",
                            "type": "String"
                        },
                        {
                            "name": "tail",
                            "paramType": "query",
                            "allowMultiple": false,
                            "required": false,
							"description" : "tail eg. N373FE",
                            "type": "String"
                        },	{
                            "name": "alertDate",
                            "paramType": "query",
                            "allowMultiple": false,
                            "required": true,
							"description" : "alert Date in YYYY-MM-DD format eg. 2014-11-01",
                            "type": "String"
                        },
						{
                            "name": "alertDateEnd",
                            "paramType": "query",
                            "allowMultiple": false,
                            "required": true,
							"description" : "alert Date End in YYYY-MM-DD format eg. 2014-12-01",
                            "type": "String"
                        },
                        {
                            "name": "severity",
                            "paramType": "query",
                            "allowMultiple": false,
                            "required": true,
							"description" : "eg. Low,High, Medium, All",
                            "type": "String"
                        },
                        
                        {
                            "name": "alertStatus",
                            "paramType": "query",
                            "allowMultiple": false,
                            "required": true,
							"description" : " alertStatus eg. any one among these: Open, Closed, Claimed, Dismissed, Cased, Related, All",
                            "type": "String"
                        },
                        {
                            "name": "flightDate",
                            "paramType": "query",
                            "allowMultiple": false,
                            "required": true,
							"description" : "flightDate in YYYY-MM-DD format eg. 2014-05-01",
                            "type": "String"
                        },
						{
                            "name": "flightDateEnd",
                            "paramType": "query",
                            "allowMultiple": false,
                            "required": true,
							"description" : "flightDateEnd in YYYY-MM-DD format eg. 2014-06-01",
                            "type": "String"
                        },
                        {
                            "name": "sEcho",
                            "paramType": "query",
                            "allowMultiple": false,
                            "required": true,
							"description" : "eg. 4",
                            "type": "String"
                        },
						{
						"name" : "portal_id",
						"paramType" : "header",
						"allowMultiple" : false,
						"required" : true,
						"description" : "Portal Id e.g: CWC",
						"type" : "String"	
						},
						{
						"name" : "sm_ssoid",
						"paramType" : "header",
						"allowMultiple" : false,
						"required" : true,
						"description" : "GE SSOID e.g: 501767643",
						"type" : "String"	
						}
                        
                    ]
                }
            ]
        },
	
	{
            "path": "/diagnostics/engineProfile/watchlist/watchlist/cases",
            "description": "to get engine Profile application using ICDL cases widget",
            "shortdescription": "Engine Profile application using ICDL cases widget",

            "operations": [
                {
                    "nickname": "myGEAviation",
                    "method": "POST",
                    "summary": "Engine Profile WatchList Information from RDO and ICDL",
                    "type": "CasesICDLDetails",
					"produces": ["application/xml","application/json"],
					"consumes" : ["application/json"],
                    "parameters": [
                        {
                            "name": "iDisplayStart",
                            "paramType": "query",
                            "allowMultiple": false,
                            "required": true,
			    "description" : "eg. 0",
                            "type": "String"
                        },
                        {
                            "name": "iDisplayLength",
                            "paramType": "query",
                            "allowMultiple": false,
                            "required": true,
			    "description" : "number of records to display eg. 20",
                            "type": "String"
                        },
                        {
                            "name": "esn",
                            "paramType": "query",
                            "allowMultiple": false,
                            "required": false,
				"description" : "ESN eg. 451100",
                            "type": "String"
                        },
                        {
                            "name": "aircraftType",
                            "paramType": "query",
                            "allowMultiple": false,
                            "required": false,
							"description" : "aircraft Type eg. MD10-10",
                            "type": "String"
                        },
                       	{
                            "name": "engineModel",
                            "paramType": "query",
                            "allowMultiple": false,
                            "required": false,
							"description" : "engine Model  eg. CF6-6D",
                            "type": "String"
                        },
                        {
                            "name": "tail",
                            "paramType": "query",
                            "allowMultiple": false,
                            "required": false,
							"description" : "tail eg. N373FE",
                            "type": "String"
                        },	{
                            "name": "caseOpenDate",
                            "paramType": "query",
                            "allowMultiple": false,
                            "required": true,
							"description" : "case Open Date in YYYY-MM-DD format eg. 2014-11-01",
                            "type": "String"
                        },
						{
                            "name": "caseOpenDateEnd",
                            "paramType": "query",
                            "allowMultiple": false,
                            "required": true,
							"description" : "cases Date End in YYYY-MM-DD format eg. 2014-12-01",
                            "type": "String"
                        },
                        {
                            "name": "priority",
                            "paramType": "query",
                            "allowMultiple": false,
                            "required": true,
							"description" : "eg. Low,High, Medium, All",
                            "type": "String"
                        },
                        
                        {
                            "name": "status",
                            "paramType": "query",
                            "allowMultiple": false,
                            "required": true,
							"description" : " status eg. any one among these: Open, Closed, Claimed, Dismissed, Cased, Related, All",
                            "type": "String"
                        },
                        {
                            "name": "sEcho",
                            "paramType": "query",
                            "allowMultiple": false,
                            "required": true,
							"description" : "eg. 4",
                            "type": "String"
                        },
						{
						"name" : "portal_id",
						"paramType" : "header",
						"allowMultiple" : false,
						"required" : true,
						"description" : "Portal Id e.g: CWC",
						"type" : "String"	
						},
						{
						"name" : "sm_ssoid",
						"paramType" : "header",
						"allowMultiple" : false,
						"required" : true,
						"description" : "GE SSOID e.g: 501767643",
						"type" : "String"	
						}
                        
                    ]
                }
            ]
        },
        {
            "path": "/diagnostics/engineProfile/watchlist/watchlists",
            "description": "Get engine Profile watch list information",
            "shortdescription": "Get engine Profile watch list",
            "operations": [
                {
                    "nickname": "myGEAviation",
                    "method": "GET",
                    "summary": "Get engine Profile watch list information",
                    "type": "string",
                    "produces": [
                        "application/json"
                    ],
                    "parameters": [
                        {
                            "name": "noOfDays",
                            "paramType": "query",
                            "allowMultiple": false,
                            "required": false,
                            "type": "int"
                        },
                        {
                            "name": "iDisplayStart",
                            "paramType": "query",
                            "allowMultiple": false,
                            "required": false,
                            "type": "int"
                        },
                        {
                            "name": "iDisplayLength",
                            "paramType": "query",
                            "allowMultiple": false,
                            "required": false,
                            "type": "int"
                        },
                        {
                            "name": "sEcho",
                            "paramType": "query",
                            "allowMultiple": false,
                            "required": false,
                            "type": "string"
                        }
                    ]
                }
            ]
        },
        {
            "path": "/diagnostics/engineProfile/watchlist/watchlists/aircraft/{aircraftType}",
            "description": "Get engine Profile watch list information",
            "shortdescription": "Get engine Profile watch list by aircraft type",
            "operations": [
                {
                    "nickname": "myGEAviation",
                    "method": "GET",
                    "summary": "Get engine Profile watch list information",
                    "type": "string",
                    "produces": [
                        "application/json"
                    ],
                    "parameters": [
                        {
                            "name": "noOfDays",
                            "paramType": "query",
                            "allowMultiple": false,
                            "required": false,
                            "type": "int"
                        },
                        {
                            "name": "iDisplayStart",
                            "paramType": "query",
                            "allowMultiple": false,
                            "required": false,
                            "type": "int"
                        },
                        {
                            "name": "iDisplayLength",
                            "paramType": "query",
                            "allowMultiple": false,
                            "required": false,
                            "type": "int"
                        },
                        {
                            "name": "sEcho",
                            "paramType": "query",
                            "allowMultiple": false,
                            "required": false,
                            "type": "string"
                        },
                        {
                            "name": "aircraftType",
                            "paramType": "path",
                            "allowMultiple": false,
                            "required": true,
                            "type": "string"
                        }
                    ]
                }
            ]
        },
        {
            "path": "/diagnostics/engineProfile/watchlist/watchlists/aircraft/{aircraftType}/{aircraftTail}",
            "description": "Get engine Profile watch list information by passing aircraftType and aircraftTail number",
            "shortdescription": "Engine Profile details by aircraftType and Tail number",
            "operations": [
                {
                    "nickname": "myGEAviation",
                    "method": "GET",
                    "summary": "Get engine Profile watch list information by passing aircraftType and aircraftTail number",
                    "type": "string",
                    "produces": [
                        "application/json"
                    ],
                    "parameters": [
                        {
                            "name": "noOfDays",
                            "paramType": "query",
                            "allowMultiple": false,
                            "required": false,
                            "type": "int"
                        },
                        {
                            "name": "iDisplayStart",
                            "paramType": "query",
                            "allowMultiple": false,
                            "required": false,
                            "type": "int"
                        },
                        {
                            "name": "iDisplayLength",
                            "paramType": "query",
                            "allowMultiple": false,
                            "required": false,
                            "type": "int"
                        },
                        {
                            "name": "sEcho",
                            "paramType": "query",
                            "allowMultiple": false,
                            "required": false,
                            "type": "string"
                        },
                        {
                            "name": "aircraftType",
                            "paramType": "path",
                            "allowMultiple": false,
                            "required": true,
                            "type": "string"
                        },
                        {
                            "name": "aircraftTail",
                            "paramType": "path",
                            "allowMultiple": false,
                            "required": true,
                            "type": "string"
                        }
                    ]
                }
            ]
        },
        {
            "path": "/diagnostics/engineProfile/watchlist/watchlists/engine",
            "description": "Get engine Profile watch list information by passing engine Ids ",
            "shortdescription": "Engine Profile details by engine IDs ",
            "operations": [
                {
                    "nickname": "myGEAviation",
                    "method": "GET",
                    "summary": "Get engine Profile watch list information by passing engine Ids ",              
                    "type": "string",
                    "produces": [
                        "application/json"
                    ],
                    "parameters": [
                        {
                            "name": "esnList",
                            "paramType": "query",
                            "allowMultiple": false,
                            "required": false,
                            "type": "string"
                        },
                        {
                            "name": "noOfDays",
                            "paramType": "query",
                            "allowMultiple": false,
                            "required": false,
                            "type": "int"
                        },
                        {
                            "name": "iDisplayStart",
                            "paramType": "query",
                            "allowMultiple": false,
                            "required": false,
                            "type": "int"
                        },
                        {
                            "name": "iDisplayLength",
                            "paramType": "query",
                            "allowMultiple": false,
                            "required": false,
                            "type": "int"
                        },
                        {
                            "name": "sEcho",
                            "paramType": "query",
                            "allowMultiple": false,
                            "required": false,
                            "type": "string"
                        }
                    ]
                }
            ]
        },
        {
            "path": "/diagnostics/engineProfile/watchlist/watchlists/engine/{engineFamily}",
            "description": "Get engine Profile watch list information by passing engine Family",
            "shortdescription": "Engine Profile details by engineFamily",
            "operations": [
                {
                    "nickname": "myGEAviation",
                    "method": "GET",
                    "summary": "Get engine Profile watch list information by passing engine Family",
                    "type": "string",
                    "produces": [
                        "application/json"
                    ],
                    "parameters": [
                        {
                            "name": "noOfDays",
                            "paramType": "query",
                            "allowMultiple": false,
                            "required": false,
                            "type": "int"
                        },
                        {
                            "name": "iDisplayStart",
                            "paramType": "query",
                            "allowMultiple": false,
                            "required": false,
                            "type": "int"
                        },
                        {
                            "name": "iDisplayLength",
                            "paramType": "query",
                            "allowMultiple": false,
                            "required": false,
                            "type": "int"
                        },
                        {
                            "name": "sEcho",
                            "paramType": "query",
                            "allowMultiple": false,
                            "required": false,
                            "type": "string"
                        },
                        {
                            "name": "engineFamily",
                            "paramType": "path",
                            "allowMultiple": false,
                            "required": true,
                            "type": "string"
                        }
                    ]
                }
            ]
        },
        {
            "path": "/diagnostics/engineProfile/watchlist/watchlists/engine/{engineFamily}/{engineModel}",
            "description": "Get engine Profile watch list information by passing engineFamily and engine Model",
            "shortdescription": "Engine Profile details by engineFamily and Model",
            "operations": [
                {
                    "nickname": "myGEAviation",
                    "method": "GET",
                    "summary": "Get engine Profile watch list information by passing engineFamily and engine Model",
                    "type": "string",
                    "produces": [
                        "application/json"
                    ],
                    "parameters": [
                        {
                            "name": "noOfDays",
                            "paramType": "query",
                            "allowMultiple": false,
                            "required": false,
                            "type": "int"
                        },
                        {
                            "name": "iDisplayStart",
                            "paramType": "query",
                            "allowMultiple": false,
                            "required": false,
                            "type": "int"
                        },
                        {
                            "name": "iDisplayLength",
                            "paramType": "query",
                            "allowMultiple": false,
                            "required": false,
                            "type": "int"
                        },
                        {
                            "name": "sEcho",
                            "paramType": "query",
                            "allowMultiple": false,
                            "required": false,
                            "type": "string"
                        },
                        {
                            "name": "engineFamily",
                            "paramType": "path",
                            "allowMultiple": false,
                            "required": true,
                            "type": "string"
                        },
                        {
                            "name": "engineModel",
                            "paramType": "path",
                            "allowMultiple": false,
                            "required": true,
                            "type": "string"
                        }
                    ]
                }
            ]
        },
        {
            "path": "/diagnostics/engineProfile/lessor/test/lessorAccess",
            "description": "checking lessor access for the given esn",
            "shortdescription": "checking lessor access by esn",
            "operations": [
                {
                    "nickname": "myGEAviation",
                    "method": "GET",
                    "summary": "checking lessor access for the given esn",
                    "type": "string",
                    "produces": [
                        "application/json"
                    ],
                    "parameters": [
                        {
                            "name": "esn",
                            "paramType": "query",
                            "allowMultiple": false,
                            "required": false,
                            "type": "string"
                        }
                    ]
                }
            ]
        },
        {
            "path": "/diagnostics/engineProfile/lessor/test/lessorEntitlement",
            "description": "checking lessor access for the given owner code and esn",
            "shortdescription": "checking lessor access for the owner code and esn",
            "operations": [
                {
                    "nickname": "myGEAviation",
                    "method": "GET",
                    "summary": "checking lessor access for the given owner code and esn",
                    "type": "string",
                    "produces": [
                        "application/json"
                    ],
                    "parameters": [
                        {
                            "name": "ownerCode",
                            "paramType": "query",
                            "allowMultiple": false,
                            "required": false,
                            "type": "string"
                        },
                        {
                            "name": "esn",
                            "paramType": "query",
                            "allowMultiple": false,
                            "required": false,
                            "type": "string"
                        }
                    ]
                }
            ]
        },
        {
            "path": "/diagnostics/engineProfile/lessor/test/lessorEntitlement/owner/{org}",
            "description": "checking lessor access for the given orgnization",
            "shortdescription": "checking lessor access for Organization",
            "operations": [
                {
                    "nickname": "myGEAviation",
                    "method": "GET",
                    "summary": "checking lessor access for the given orgnization",
                    "type": "string",
                    "produces": [
                        "application/json"
                    ],
                    "parameters": [
                        {
                            "name": "org",
                            "paramType": "path",
                            "allowMultiple": false,
                            "required": true,
                            "type": "string"
                        }
                    ]
                }
            ]
        },
        {
            "path": "/diagnostics/engineProfile/lessor/test/lessorValidate",
            "description": "validating the lessor access",
            "shortdescription": "validating the lessor access",
            "operations": [
                {
                    "nickname": "myGEAviation",
                    "method": "GET",
                    "summary": "validating the lessor access",
                    "type": "string",
                    "produces": [
                        "application/json"
                    ]
                }
            ]
        },
        {
            "path": "/diagnostics/engineProfile/lessor/test/lessorValidate/org/{org}",
            "description": "validating the lessor access for orgnization",
            "shortdescription": "validating the lessor access for the orgnization",
            "operations": [
                {
                    "nickname": "myGEAviation",
                    "method": "GET",
                    "summary": "validating the lessor access for the given orgnization",
                    "type": "string",
                    "produces": [
                        "application/json"
                    ],
                    "parameters": [
                        {
                            "name": "org",
                            "paramType": "path",
                            "allowMultiple": false,
                            "required": true,
                            "type": "string"
                        }
                    ]
                }
            ]
        },
        {
            "path": "/diagnostics/engineProfile/lessor/test/myeEngineParameters/{engineID}",
            "description": "validating the lessor access for the given engine Id",
            "shortdescription": "validating the lessor access engine",
            "operations": [
                {
                    "nickname": "myGEAviation",
                    "method": "GET",
                    "summary": "validating the lessor access for the given engine Id",
                    "type": "string",
                    "produces": [
                        "application/json"
                    ],
                    "parameters": [
                        {
                            "name": "engineID",
                            "paramType": "path",
                            "allowMultiple": false,
                            "required": true,
                            "type": "string"
                        }
                    ]
                }
            ]
        },
        {
            "path": "/diagnostics/engineProfile/removal/engineRemovals",
            "description": "Get the engine Profile engine removals information",
            "shortdescription": "Engine Profile removals details",
            "operations": [
                {
                    "nickname": "myGEAviation",
                    "method": "GET",
                    "summary": "Get the engine Profile engine removals information",
                    "type": "string",
                    "produces": [
                        "application/json"
                    ],
                    "parameters": [
                        {
                            "name": "noOfDays",
                            "paramType": "query",
                            "allowMultiple": false,
                            "required": false,
                            "type": "int"
                        },
                        {
                            "name": "iDisplayStart",
                            "paramType": "query",
                            "allowMultiple": false,
                            "required": false,
                            "type": "int"
                        },
                        {
                            "name": "iDisplayLength",
                            "paramType": "query",
                            "allowMultiple": false,
                            "required": false,
                            "type": "int"
                        },
                        {
                            "name": "sEcho",
                            "paramType": "query",
                            "allowMultiple": false,
                            "required": false,
                            "type": "string"
                        }
                    ]
                }
            ]
        },
        {
            "path": "/diagnostics/engineProfile/removal/engineRemovals/aircraft/{aircraftType}",
            "description": "Get the engine Profile engine removals information by passing aircraft Type",
            "shortdescription": "Engine Profile removals by aircraft Type",
            "operations": [
                {
                    "nickname": "myGEAviation",
                    "method": "GET",
                    "summary": "Get the engine Profile engine removals information by passing aircraft Type",
                    "type": "string",
                    "produces": [
                        "application/json"
                    ],
                    "parameters": [
                        {
                            "name": "noOfDays",
                            "paramType": "query",
                            "allowMultiple": false,
                            "required": false,
                            "type": "int"
                        },
                        {
                            "name": "iDisplayStart",
                            "paramType": "query",
                            "allowMultiple": false,
                            "required": false,
                            "type": "int"
                        },
                        {
                            "name": "iDisplayLength",
                            "paramType": "query",
                            "allowMultiple": false,
                            "required": false,
                            "type": "int"
                        },
                        {
                            "name": "sEcho",
                            "paramType": "query",
                            "allowMultiple": false,
                            "required": false,
                            "type": "string"
                        },
                        {
                            "name": "aircraftType",
                            "paramType": "path",
                            "allowMultiple": false,
                            "required": true,
                            "type": "string"
                        }
                    ]
                }
            ]
        },
        {
            "path": "/diagnostics/engineProfile/removal/engineRemovals/aircraft/{aircraftType}/{aircraftTail}",
            "description": "Get the engine Profile engine removals information by passing aircraft Type and aircraft Tail number",
            "shortdescription": "Engine Profile removals by aircraft Type & Tail number",
            "operations": [
                {
                    "nickname": "myGEAviation",
                    "method": "GET",
                    "summary": "Get the engine Profile engine removals information by passing aircraft Type and aircraft Tail number",
                    "type": "string",
                    "produces": [
                        "application/json"
                    ],
                    "parameters": [
                        {
                            "name": "noOfDays",
                            "paramType": "query",
                            "allowMultiple": false,
                            "required": false,
                            "type": "int"
                        },
                        {
                            "name": "iDisplayStart",
                            "paramType": "query",
                            "allowMultiple": false,
                            "required": false,
                            "type": "int"
                        },
                        {
                            "name": "iDisplayLength",
                            "paramType": "query",
                            "allowMultiple": false,
                            "required": false,
                            "type": "int"
                        },
                        {
                            "name": "sEcho",
                            "paramType": "query",
                            "allowMultiple": false,
                            "required": false,
                            "type": "string"
                        },
                        {
                            "name": "aircraftType",
                            "paramType": "path",
                            "allowMultiple": false,
                            "required": true,
                            "type": "string"
                        },
                        {
                            "name": "aircraftTail",
                            "paramType": "path",
                            "allowMultiple": false,
                            "required": true,
                            "type": "string"
                        }
                    ]
                }
            ]
        },
        {
            "path": "/diagnostics/engineProfile/removal/engineRemovals/engine",
            "description": "Get the engine Profile engine removals information by passing esns list",
            "shortdescription": "Engine Profile removals details by ESNs",
            "operations": [
                {
                    "nickname": "myGEAviation",
                    "method": "GET",
                    "summary": "Get the engine Profile engine removals information by passing esns list",                    
                    "type": "string",
                    "produces": [
                        "application/json"
                    ],
                    "parameters": [
                        {
                            "name": "noOfDays",
                            "paramType": "query",
                            "allowMultiple": false,
                            "required": false,
                            "type": "int"
                        },
                        {
                            "name": "esnList",
                            "paramType": "query",
                            "allowMultiple": false,
                            "required": false,
                            "type": "string"
                        },
                        {
                            "name": "iDisplayStart",
                            "paramType": "query",
                            "allowMultiple": false,
                            "required": false,
                            "type": "int"
                        },
                        {
                            "name": "iDisplayLength",
                            "paramType": "query",
                            "allowMultiple": false,
                            "required": false,
                            "type": "int"
                        },
                        {
                            "name": "sEcho",
                            "paramType": "query",
                            "allowMultiple": false,
                            "required": false,
                            "type": "string"
                        }
                    ]
                }
            ]
        },
        {
            "path": "/diagnostics/engineProfile/removal/engineRemovals/engine/{engineFamily}",
            "description": "Get the engine Profile engine removals information by passing engine family",
            "shortdescription": "Engine Profile removals details by engine Family",
            "operations": [
                {
                    "nickname": "myGEAviation",
                    "method": "GET",
                    "summary": "Get the engine Profile engine removals information by passing engine family",
                    "type": "string",
                    "produces": [
                        "application/json"
                    ],
                    "parameters": [
                        {
                            "name": "noOfDays",
                            "paramType": "query",
                            "allowMultiple": false,
                            "required": false,
                            "type": "int"
                        },
                        {
                            "name": "iDisplayStart",
                            "paramType": "query",
                            "allowMultiple": false,
                            "required": false,
                            "type": "int"
                        },
                        {
                            "name": "iDisplayLength",
                            "paramType": "query",
                            "allowMultiple": false,
                            "required": false,
                            "type": "int"
                        },
                        {
                            "name": "sEcho",
                            "paramType": "query",
                            "allowMultiple": false,
                            "required": false,
                            "type": "string"
                        },
                        {
                            "name": "engineFamily",
                            "paramType": "path",
                            "allowMultiple": false,
                            "required": true,
                            "type": "string"
                        }
                    ]
                }
            ]
        },
        {
            "path": "/diagnostics/engineProfile/removal/engineRemovals/engine/{engineFamily}/{engineModel}",
            "description": "Get the engine Profile engine removals information by passing engine Family and engine Model",
            "shortdescription": "Engine Profile removals details by Model",
            "operations": [
                {
                    "nickname": "myGEAviation",
                    "method": "GET",
                    "summary": "Get the engine Profile engine removals information by passing engine Family and engine Model",
                    "type": "string",
                    "produces": [
                        "application/json"
                    ],
                    "parameters": [
                        {
                            "name": "noOfDays",
                            "paramType": "query",
                            "allowMultiple": false,
                            "required": false,
                            "type": "int"
                        },
                        {
                            "name": "iDisplayStart",
                            "paramType": "query",
                            "allowMultiple": false,
                            "required": false,
                            "type": "int"
                        },
                        {
                            "name": "iDisplayLength",
                            "paramType": "query",
                            "allowMultiple": false,
                            "required": false,
                            "type": "int"
                        },
                        {
                            "name": "sEcho",
                            "paramType": "query",
                            "allowMultiple": false,
                            "required": false,
                            "type": "string"
                        },
                        {
                            "name": "engineFamily",
                            "paramType": "path",
                            "allowMultiple": false,
                            "required": true,
                            "type": "string"
                        },
                        {
                            "name": "engineModel",
                            "paramType": "path",
                            "allowMultiple": false,
                            "required": true,
                            "type": "string"
                        }
                    ]
                }
            ]
        }
    ],"models" : {
	"AlarmICDLDetails": {
			"id": "AlarmICDLDetails",
			"properties": {
				"esn": {
					"type": "String"
					},
				"aircraftType": {
					"type": "String"
					},
				"carrier": {
					"type": "String"
					},
				"engineFamily": {
					"type": "String"
					},
				"engineModel": {
					"type": "String"
					},
				"tail": {
					"type": "String"
					},
				"alertDate": {
					"type": "String"
					},
				"severity": {
					"type": "String"
					},
				"severityId": {
					"type": "Long"
				   },
				"description": {
					"type": "String"
					},	
				"flightPhase": {
					"type": "String"
					},
				"alertID": {
					"type": "Long"
					},
				"alertStatus": {
					"type": "String"
					},
				"enginePosition": {
					"type": "Long"
					},
				"parameterName": {
					"type": "String"
					},
				"parameterValue": {
					"type": "String"
					},
				"flightDate": {
					"type": "string"
					},
				"alertSource": {
					"type": "string"
					},
				"alertType": {
					"type": "string"
					}
				}
			},
	
	"CasesICDLDetails": {
			"id": "CasesICDLDetails",
			"properties": {
				"caseID":{
					"type": "String"
					},
				"esn": {
					"type": "String"
					},
				"caseTitle": {
					"type": "String"
					},
				"priority": {
					"type": "String"
					},
				"caseOpenDate": {
					"type": "String"
					},
				"caseOpenDt": {
					"type": "String"
					},
				"caseType": {
					"type": "String"
					},
				"caseDescription": {
					"type": "String"
					},
				"status": {
					"type": "String"
					},
				"engineModel": {
					"type": "String"
					},
				"tail": {
					"type": "String"
					},
				"aircraftType": {
					"type": "String"
					},
				"enginePosition": {
					"type": "Long"
					},
				"carrier": {
					"type": "String"
				   },
				"caseSource": {
					"type": "String"
					},	
				"caseOpenedBy": {
					"type": "String"
					},
				"priorityId": {
					"type": "Long"
					},
				"carrier": {
					"type": "String"
					}
				}
			}
		}
	}