{
	"swaggerVersion" : "1.2",
	"apiVersion" : "1.0",
	"basePath" : "http://gis06284.devcloud.ge.com:80",
	"resourcePath" : "/events",
	"apis" : [ {
			"path" : "/events/services/data/events/v1/eventinfo/{esn}",
			"shortdescription": "Engine Event information-Single ESN",
			"operations": [{
				"method": "GET",
				"summary": "GET Engine Event information-Single ESN",
				"description": "GET Engine Event information-Single ESN",
				"notes" : "This service provides all required information for an engine event",
				"nickname": "Enterprise",
				"type": "EngineEventResponse",
				"produces": ["application/xml"],
				"parameters": [{
							"name" : "esn",
							"paramType" : "path",
							"allowMultiple" : false,
							"required" : true,
							"description" : "comma separated Esns e.g - 900369,900339",
							"type" : "String"
						}, {
							"name" : "action",
							"paramType" : "query",
							"allowMultiple" : false,
							"description" : "Event name e.g - UNKNOWN,REPAIRED,SCRAPPED",
							"required" : true,
							"type" : "String"
						}
					]
				}
			]
		},{
			"path" : "/events/services/data/events/v1/maintenance",
			"shortdescription": "Maintanence for the WaterWash Events",
			"operations": [{
				"method": "GET",
				"summary": "Get Maintanence for the WaterWash Events",
				"nickname": "Enterprise",
				"type": "MaintenanceEventResponse",
				"produces": ["application/xml"],
				"parameters": [{
					"name" : "eventid",
					"paramType" : "query",
					"allowMultiple" : false,
					"required" : true,
					"description" : "Event Mainteance Type Sequence ID: e.g 2",
					"type" : "String"
				},
				{
					"name" : "sm_ssoid",
					"paramType" : "header",
					"allowMultiple" : false,
					"required" : true,
					"description" : "SSO Authentication",
					"type" : "String"	
					}
					]
				}
			]
		},{
			"path" : "/events/services/data/events/v2/maintenance",
			"shortdescription": "Maintanence for the WaterWash Events with sort",
			"operations": [{
				"method": "GET",
				"summary": "Get Maintanence for the WaterWash Events with offset,pagination and sort",
				"nickname": "Enterprise",
				"type": "MaintenanceEventResponse",
				"produces": ["application/xml"],
				"parameters": [{
					"name" : "eventid",
					"paramType" : "query",
					"allowMultiple" : false,
					"required" : true,
					"description" : "Event Mainteance Type Sequence ID: e.g 2",
					"type" : "String"
				},
				{
					"name" : "offset",
					"paramType" : "query",
					"allowMultiple" : false,
					"required" : true,
					"description" : "Maintanance data offset value: e.g 0,5000",
					"type" : "String"
				},
				{
					"name" : "limit",
					"paramType" : "query",
					"allowMultiple" : false,
					"required" : true,
					"description" : "Limit the offset value to 5000 : e.g 2000",
					"type" : "String"
				},
				{
					"name" : "sortField",
					"paramType" : "query",
					"allowMultiple" : false,
					"required" : true,
					"description" : "Sort the maintenanceData with response columns: e.g engineId,maintenanceDate",
					"type" : "String"
				},
				{
					"name" : "sortOrder",
					"paramType" : "query",
					"allowMultiple" : false,
					"required" : true,
					"description" : "Sort the maintenanceData in asc or desc defaulut is desc: e.g asc,desc",
					"type" : "String"
				},
				{
					"name" : "sm_ssoid",
					"paramType" : "header",
					"allowMultiple" : false,
					"required" : true,
					"description" : "SSO Authentication",
					"type" : "String"	
					}
				]
			}
		]
	},
	{
    "path": "/events/services/data/events/v1/shop",
    "shortdescription": "ShopVisitHistory information v1 -Multiple ESNs",
    "operations": [
        {
            "method": "GET",
            "summary": "Get ShopVisitHistory information v1 -Multiple ESNs",
            "nickname": "Enterprise",
            "type": "ShopVisitEventResponse",
            "produces": [
                "application/xml"
            ],
            "parameters": [
                {
                    "name": "esn",
                    "paramType": "query",
                    "allowMultiple": false,
                    "required": true,
                    "description": "Engine Serial Number e.g : 900334",
                    "type": "String"
                },
                {
                    "name": "timeline",
                    "paramType": "query",
                    "allowMultiple": false,
                    "required": true,
                    "description": "TimeLine e.g: history",
                    "type": "String"
                },
                {
                    "name": "GE_USER",
                    "paramType": "header",
                    "allowMultiple": false,
                    "required": true,
                    "description": "GE_USER e.g: WSA",
                    "type": "String"
                }
            ]
        }
    ]
},
	{
			"path" : "/events/services/data/events/v1/shop/{esn}",
			"shortdescription": "ShopVisitHistory information v1- single esn",
			"operations": [{
				"method": "GET",
				"summary": "Get ShopVisitHistory information v1- single esn",
				"nickname": "Enterprise",
				"type": "ShopVisitEventResponse",
				"produces": ["application/xml"],
				"parameters": [{
					"name" : "esn",
					"paramType" : "path",
					"allowMultiple" : false,
					"required" : true,
					"description" : "Engine Serial Number e.g : 888647",
					"type" : "String"
				},
				{
					"name" : "timeline",
					"paramType" : "query",
					"allowMultiple" : false,
					"required" : true,
					"description" : "TimeLine e.g: history",
					"type" : "String"	
				},
				{
					"name" : "GE_USER",
					"paramType" : "header",
					"allowMultiple" : false,
					"required" : true,
					"description" : "GE_USER e.g: WSA",
					"type" : "String"	
					}
				]
			}
		]
	},
	{
			"path" : "/events/services/data/events/v2/shop/{esn}",
			"shortdescription": "ShopVisitHistory information v1- single esn",
			"operations": [{
				"method": "GET",
				"summary": "Get ShopVisitHistory information v2- single esn",
				"nickname": "Enterprise",
				"type": "ShopVisitEventResponse",
				"produces": ["application/xml"],
				"parameters": [{
					"name" : "esn",
					"paramType" : "path",
					"allowMultiple" : false,
					"required" : true,
					"description" : "Engine Serial Number e.g : 900334",
					"type" : "String"
				},
				{
					"name" : "timeline",
					"paramType" : "query",
					"allowMultiple" : false,
					"required" : true,
					"description" : "TimeLine e.g: history",
					"type" : "String"	
				},
				{
					"name" : "GE_USER",
					"paramType" : "header",
					"allowMultiple" : false,
					"required" : true,
					"description" : "GE_USER e.g: WSA",
					"type" : "String"	
					}
				]
			}
		]
	},
{
			"path" : "/events/services/data/events/v2/shop/{esn}",
			"shortdescription": "CurrentEngineStatus information v2- single esn",
			"operations": [{
				"method": "GET",
				"summary": "Get CurrentEngineStatus information v2- single esn",
				"nickname": "Enterprise",
				"type": "EngineStatusResponse",
				"produces": ["application/xml"],
				"parameters": [{
					"name" : "esn",
					"paramType" : "path",
					"allowMultiple" : false,
					"required" : true,
					"description" : "Engine Serial Number e.g : 900334",
					"type" : "String"
				},
				{
					"name" : "timeline",
					"paramType" : "query",
					"allowMultiple" : false,
					"required" : true,
					"description" : "TimeLine e.g: last",
					"type" : "String"	
				},
				{
					"name" : "GE_USER",
					"paramType" : "header",
					"allowMultiple" : false,
					"required" : true,
					"description" : "GE_USER e.g: WSA",
					"type" : "String"	
					}
				]
			}
		]
	}		
	],
	"models" : {
	"EngineEventResponse" : {
		"properties" : {
		"engineEventDetails" : {
					"type" : "array",
					"items" : {
						"$ref" : "EngineEventDetails"
					}
				}
			},
			"id" : "EngineEventResponse"
		},
	"EngineEventDetails" : {
		"properties" : {
			"esn" : {
					"type" : "string"
				},
				"eventDetails" : {
					"type" : "array",
					"items" : {
						"$ref" : "EngineEvent"
					}
				}
			},
			"id" : "EngineEventDetails"
		},
	"EngineEvent" : {
			"properties" : {
				"acTail" : {
					"type" : "string"
				},
				"eventDate" : {
					"type" : "date"
				},
				"etsn" : {
					"type" : "Integer"
				},
				"ecsn" : {
					"type" : "Integer"
				},
				"action" : {
					"type" : "string"
				}				
			},
			"id" : "EngineEvent"
		},	
	"MaintenanceEventResponse":{
			"id": "MaintenanceEventResponse",
			"properties":{
				"status" : {
					"type" : "string"
				},
				"MaintenanceData":{
					"type": "array",
						"items": {
						"$ref": "MaintenanceData"
						}
				}
			}
		},"MaintenanceData": {
			"id": "MaintenanceData",
			"properties": {
				"maintActionSeqId": {
					"type": "string"
					},
				"engineId": {
					"type": "string"
					},
				"maintenanceDate": {
					"type": "string"
					},
				"maintenanceSummary": {
					"type": "long"
					},
				"lastUpdateDate": {
					"type": "long"
					},
				"maintActionSeqId": {
					"type": "string"
					}
			}
		},
		"ShopVisitEventResponse":{
			"id": "ShopVisitEventResponse",
			"properties":{
				"shopVisitList":{
					"type": "array",
						"items": {
						"$ref": "ShopVisitEventHistory"
						}
				}
			}
		},
		"ShopVisitEventHistory": {
			"id": "ShopVisitEventHistory",
			"properties": {
				"esn": {
					"type": "string"
					},
				"engineTimeSinceNew": {
					"type": "string"
					},
				"engineCycleSinceNew": {
					"type": "string"
					},
				"engineTimeSinceLastSv": {
					"type": "string"
					},
				"engineCycleSinceLastSv": {
					"type": "string"
					},
				"shopVisitCount": {
					"type": "string"
					},
				"removalCount": {
					"type": "string"
					},
				"engineRemovalReason": {
					"type": "string"
					},
				"removalReasonDesc": {
					"type": "string"
					},
				"shopVisitDate": {
					"type": "Date"
					},
				"shopName": {
					"type": "string"
					},
				"engineWorkScope": {
					"type": "string"
					},
				"aircraftTtailNnum": {
					"type": "string"
					},
				"aircraftPartSnumSS": {
					"type": "string"
					},
				"enginePositionNo": {
					"type": "string"
					},
				"partyDesc": {
					"type": "string"
					},
				"rootCauseEengineerRemark":{
					"type": "string"
					}	
			}
		},
		"EngineStatusResponse":{
			"id": "EngineStatusResponse",
			"properties": {
				"currentEngineStatusList": {
					"type": "array",
						"items": {
						"$ref": "CurrentEngineStatus"
						}
				}
			}
		},
		"CurrentEngineStatus": {
			"id": "CurrentEngineStatus",
			"properties": {
				"esn": {
					"type": "string"
					},
				"engineTimeSinceNew": {
					"type": "string"
					},
				"engineCycleSinceNew": {
					"type": "string"
					},
				"engineTimeSinceShopVisit": {
					"type": "string"
					},
				"engineCycleSinceShopVisit": {
					"type": "string"
					},
				"engineStatusDate": {
					"type": "date"
					}																	
			}
		}	
	}
}
	
