{
	"swaggerVersion" : "1.2",
	"apiVersion" : "1.0",
	"basePath" : "http://gis06284.devcloud.ge.com:80",
	"resourcePath" : "/Parts",
	"apis" : [ {
			"path" : "/parts/services/data/parts/v1/trueengine/",
			"shortdescription": "True Engine Qualification Status for part and serialnumber",
			"operations": [{
				"method": "GET",
				"summary": "Get True Engine Qualification Status for given part and serialnumber",
				"nickname": "Enterprise",
				"type": "TrueEngineLLPDetailsResponse",
				"produces": ["application/xml"],
				"parameters": [{
					"name" : "llpserialnumber",
					"paramType" : "query",
					"allowMultiple" : false,
					"required" : true,
					"description" : "True Engine Serial Number e.g: FDW340K3",
					"type" : "String"
				},
				{
					"name" : "llppartnumber",
					"paramType" : "query",
					"allowMultiple" : false,
					"required" : true,
					"description" : "True Engine Part Number e.g: 1881M52G18",
					"type" : "String"	
				}
			]
		}]
		},
		{
			"path" : "/parts/services/data/parts/v1/llp/fdm/{esn}",
			"shortdescription": "Part details from BDW for given ESN",
			"operations": [{
				"method": "GET",
				"summary": "gets the part details from BDW for given esn",
				"nickname": "Enterprise",
				"type": "PartDetailsResponse",
				"produces": ["application/xml"],
				"parameters": [{
					"name" : "esn",
					"paramType" : "path",
					"allowMultiple" : false,
					"required" : true,
					"description" : "esn e.g: 193305",
					"type" : "String"
				},
				{
					"name" : "GE_USER",
					"paramType" : "header",
					"allowMultiple" : false,
					"required" : true,
					"description" : "GE user e.g: WSA",
					"type" : "String"	
				}
			]
		}]
		},
		{
			"path" : "/parts/services/data/parts/v2/llp/fdm/{esn}",
			"shortdescription": "Part details from from CSA-DATA for given ESN",
			"operations": [{
				"method": "GET",
				"summary": "gets the part details from CSA-DATA for given esn",
				"nickname": "Enterprise",
				"type": "PartDetailsResponse",
				"produces": ["application/xml"],
				"parameters": [{
					"name" : "esn",
					"paramType" : "path",
					"allowMultiple" : false,
					"required" : true,
					"description" : "esn e.g: 193305",
					"type" : "String"
				},
				{
					"name" : "GE_USER",
					"paramType" : "header",
					"allowMultiple" : false,
					"required" : true,
					"description" : "GE user e.g: WSA",
					"type" : "String"	
				}
			]
		}]
		},
		{
			"path" : "/parts/services/data/parts/v1/servicebulletin/{esn}",
			"shortdescription": "Service bulletin info based on ESN",
			"operations": [{
				"method": "GET",
				"summary": "gets the service bulletin info based on esn",
				"nickname": "Enterprise",
				"type": "ServiceBulletinDetailsResponse",
				"produces": ["application/xml"],
				"parameters": [{
					"name" : "esn",
					"paramType" : "path",
					"allowMultiple" : false,
					"required" : true,
					"description" : "esn e.g: 193305",
					"type" : "String"
				}
			]
		}]
		},
      {
         "path":"/parts/services/data/parts/v2/servicebulletin/",
         "shortdescription": "Service bulletin info based on ESN or modelId",
         "operations":[
            {
               "nickname":"Enterprise",
               "method":"GET",
               "summary":"Gets the service bulletin info based on esn or modelId",
               "type":"ServiceBulletinDetailsResponse",
               "produces":[
                  "application/xml"
               ],
               "parameters":[
                  {
                     "name":"esn",
                     "paramType":"query",
                     "allowMultiple":false,
                     "required":false,
                     "description":"esn e.g: 193128",
                     "type":"String"
                  },
                  {
                     "name":"modelId",
                     "paramType":"query",
                     "allowMultiple":false,
                     "required":true,
                     "description":"modelId e.g: CF34-8E",
                     "type":"String"
                  },
                  {
                     "name":"GE_USER",
                     "paramType":"header",
                     "allowMultiple":false,
                     "required":true,
                     "description":"GE_USER e.g: WSA",
                     "type":"String"
                  }
               ]
            }
         ]
        }
		,{
			"path" : "/parts/services/data/parts/v1/llp/bdw/{modelSeries}",
			"shortdescription": "Part details of given model series from bdw",
			"operations": [{
				"method": "GET",
				"summary": "gets the part details of given model series from bdw",
				"nickname": "Enterprise",
				"type": "BDWPartDetailsResponse",
				"produces": ["application/xml"],
				"parameters": [{
					"name" : "modelSeries",
					"paramType" : "path",
					"allowMultiple" : false,
					"required" : true,
					"description" : "modelSeries e.g: CF6-80C2B1",
					"type" : "String"
				},
				{
					"name" : "GE_USER",
					"paramType" : "header",
					"allowMultiple" : false,
					"required" : true,
					"description" : "GE user e.g: WSA",
					"type" : "String"	
				}
			]
		}
	]
},{
			"path" : "/parts/services/data/parts/v1/partsinfo/",
			"shortdescription": "PartNumber and partName for engine model series",
			"operations": [{
				"method": "GET",
				"summary": "Gets the PartNumber and partName for a given engine model series",
				"nickname": "Enterprise",
				"type": "PartInfoResponse",
				"produces": ["application/xml"],
				"parameters": [{
					"name" : "modelid",
					"paramType" : "query",
					"allowMultiple" : false,
					"required" : true,
					"description" : "modelid e.g: CFM56-3C",
					"type" : "String"
				},
				{
					"name" : "partname",
					"paramType" : "query",
					"allowMultiple" : false,
					"required" : false,
					"description" : "part name  e.g: BEA",
					"type" : "String"	
				}
			]
		}
	]
},{
            "path": "/parts/services/data/parts/v1/partname/{partNumber}/{partSerialNumber}",
            "shortdescription": "Part Information for a Part Number and Part Serial Number",
            "operations": [
                {
                    "method": "GET",
                    "summary": "Gets the Part Information for a given Part Number and Part Serial Number",
                    "nickname": "Enterprise",
                    "type": "PartDetails",
                    "produces": [
                        "application/xml"
                    ],
                    "parameters": [
                        {
                            "name": "partNumber",
                            "paramType": "path",
                            "allowMultiple": false,
                            "required": true,
                            "description": "part Number e.g: 301-291-942-0",
                            "type": "String"
                        },
                        {
                            "name": "partSerialNumber",
                            "paramType": "path",
                            "allowMultiple": false,
                            "required": true,
                            "description": "part Serial Number e.g: J88923",
                            "type": "String"
                        }
                    ]
                }
            ]
        }
	],
	"models" : {
	"TrueEngineLLPDetailsResponse":{
			"id": "TrueEngineLLPDetailsResponse",
			"properties":{
				"status" : {
					"type" : "string"
				},
				"TrueEngineLLPDetails":{
					"type": "array",
						"items": {
						"$ref": "TrueEngineLLPDetails"
						}
				}
			}
		},"TrueEngineLLPDetails": {
			"id": "TrueEngineLLPDetails",
			"properties": {
				"llpserialnumber": {
					"type": "string"
					},
				"llppartnumber": {
					"type": "string"
					},
				"truenginequalificationsstatus": {
					"type": "string"
					},
				"enginemodel": {
					"type": "long"
					},
				"timesincenew": {
					"type": "long"
					},
				"cyclesincenew": {
					"type": "string"
					},
				"truenginequalifieddate":{
					"type": "string"
				}
			}
		},"PartDetails": {
            "id": "PartDetails",
            "properties": {
                "status": {
                    "type": "String"
                },
                "esn": {
                    "type": "String"
                },
				"partName": {
                    "type": "String"
                },
                "partNumber": {
                    "type": "String"
                },
                "partSerialNumber": {
                    "type": "String"
                }
                
            }
        },"PartDetailsResponse":{
			"id": "PartDetailsResponse",
			"properties":{
				"status" : {
					"type" : "string"
				},
				"esn" : {
					"type" : "string"
				},
				"model" : {
					"type" : "string"
				},
				"LLPDetails":{
					"type": "array",
						"items": {
						"$ref": "LLPDetails"
						}
				}
			}
		},"LLPDetails":{
			"id": "LLPDetails",
			"properties":{
				"partNumber" : {
					"type" : "String"
				},
				"partName" : {
					"type" : "String"
				},
				"iin" : {
					"type" : "String"
				},
				"partCycleSinceNew" : {
					"type" : "Long"
				},
				"partCycleRemaining" : {
					"type" : "Long"
				},
				"serialNumber" : {
					"type" : "String"
				},
				"qpe" : {
					"type" : "String"
				},
				"lifeRemainingPercentage" : {
					"type" : "String"
				},
				"category" : {
					"type" : "String"
				},
				"catalogPrice" : {
					"type" : "Long"
				},
				"MinorModule" : {
					"type" : "String"
				},
				"part_llp_cycle" : {
					"type" : "Long"
				},
				"llp_ind" : {
					"type" : "String"
				}
			}
		},
      "ServiceBulletinDetailsResponse":{
         "id":"ServiceBulletinDetailsResponse",
         "properties":{
            "esn":{
               "type":"String"
            },
            "engineModel":{
               "type":"String"
            },
            "status":{
               "type":"String"
            },
            "ServiceBulletinDetails":{
               "type":"array",
               "items":{
                  "$ref":"ServiceBulletinDetails"
               }
            }
         }
      },
      "ServiceBulletinDetails":{
         "id":"ServiceBulletinDetails",
         "properties":{
            "engineModel":{
               "type":"String"
            },
            "partNumber":{
               "type":"String"
            },
            "sbNumber":{
               "type":"String"
            },
            "revisionNumber":{
               "type":"String"
            },
            "sbTitle":{
               "type":"String"
            },
            "sbIssueDate":{
               "type":"String"
            },
            "complianceDate":{
               "type":"String"
            },
            "bulletinDocType":{
               "type":"String"
            },
            "levelCode":{
               "type":"String"
            },
            "modType":{
               "type":"String"
            },
            "esnApplicability":{
               "type":"String"
            }
         }
      },"BDWPartDetails":{
			"id": "BDWPartDetails",
			"properties":{
				"keyword" : {
					"type" : "String"
				},
				"partNumber" : {
					"type" : "String"
				},
				"IIN" : {
					"type" : "String"
				},
				"qpe" : {
					"type" : "String"
				},
				"llp_indicator" : {
					"type" : "String"
				},
				"Engine_Model_and_series" : {
					"type" : "String"
				},
				"CataloglistPrice" : {
					"type" : "String"
				},
				"EngineModelSeries" : {
					"type" : "String"
				},
				"EngineModel" : {
					"type" : "String"
				},
				"Enginefamily" : {
					"type" : "String"
				},
				"lifecyclelimit" : {
					"type" : "String"
				}
			}
		},
		"PartInfoResponse":{
			"id": "PartInfoResponse",
			"properties":{
				"modelId" : {
					"type" : "string"
				},
				"partInfoList":{
					"type": "array",
						"items": {
						"$ref": "PartInfo"
						}
				}
			}
		},"PartInfo": {
			"id": "PartInfo",
			"properties": {
				"partSerialNumber": {
					"type": "string"
					},
				"partName": {
					"type": "string"
					}
				}
			}
	}
}
	
