<?xml version="1.0" encoding="UTF-8"?>
<!DOCTYPE module PUBLIC "-//Puppy Crawl//DTD Check Configuration 1.3//EN" "http://www.puppycrawl.com/dtds/configuration_1_3.dtd">

<!--
    This configuration file was written by the eclipse-cs plugin configuration editor
-->
<!--
    Checkstyle-Configuration: 1mm_checkstyle
    Description: none
-->
<module name="Checker">
  <property name="severity" value="warning"/>
  <module name="TreeWalker">
    <module name="JavadocStyle">
      <property name="checkHtml" value="false"/>
    </module>
    <module name="ClassTypeParameterName"/>
    <module name="ConstantName"/>
    <module name="InterfaceTypeParameterName"/>
    <module name="LocalFinalVariableName"/>
    <module name="LocalVariableName"/>
    <module name="MemberName"/>
    <module name="MethodName"/>
    <module name="MethodTypeParameterName"/>
    <module name="PackageName">
      <property name="format" value="^[a-z]+(\.[a-z][a-z0-9]*)*$"/>
    </module>
    <module name="ParameterName"/>
    <module name="StaticVariableName"/>
    <module name="TypeName"/>
    <module name="AvoidStarImport"/>
    <module name="IllegalImport">
      <property name="illegalPkgs" value="sun, com.sun.org.apache, junit"/>
    </module>
    <module name="ImportOrder">
      <property name="option" value="top"/>
      <property name="groups" value="java,javax,org,net,com,radl"/>
      <property name="separated" value="true"/>
      <property name="sortStaticImportsAlphabetically" value="true"/>
    </module>
    <module name="RedundantImport"/>
    <module name="EmptyForInitializerPad"/>
    <module name="EmptyForIteratorPad"/>
    <module name="EmptyLineSeparator">
      <property name="tokens" value="IMPORT, CLASS_DEF, ENUM_DEF, INTERFACE_DEF, CTOR_DEF, METHOD_DEF, STATIC_INIT, INSTANCE_INIT, VARIABLE_DEF"/>
      <property name="allowNoEmptyLineBetweenFields" value="true"/>
    </module>
    <module name="GenericWhitespace"/>
    <module name="MethodParamPad"/>
    <module name="NoWhitespaceAfter">
      <property name="tokens" value="BNOT, DEC, DOT, INC, LNOT, TYPECAST, UNARY_MINUS, UNARY_PLUS"/>
    </module>
    <module name="NoWhitespaceBefore"/>
    <module name="OperatorWrap"/>
    <module name="ParenPad"/>
    <module name="TypecastParenPad"/>
    <module name="WhitespaceAfter">
      <property name="tokens" value="COMMA, SEMI"/>
    </module>
    <module name="WhitespaceAround"/>
    <module name="ModifierOrder"/>
    <module name="RedundantModifier"/>
    <module name="AvoidNestedBlocks">
      <property name="allowInSwitchCase" value="true"/>
    </module>
    <module name="EmptyBlock">
      <property name="option" value="text"/>
    </module>
    <module name="LeftCurly"/>
    <module name="NeedBraces"/>
    <module name="RightCurly"/>
    <module name="CovariantEquals"/>
    <module name="DefaultComesLast"/>
    <module name="EmptyStatement"/>
    <module name="EqualsAvoidNull"/>
    <module name="EqualsHashCode"/>
    <module name="ExplicitInitialization"/>
    <module name="FallThrough">
      <property name="reliefPattern" value="FALLTHROUGH"/>
    </module>
    <module name="HiddenField">
      <property name="ignoreConstructorParameter" value="true"/>
      <property name="ignoreSetter" value="true"/>
    </module>
    <module name="IllegalInstantiation">
      <property name="classes" value="java.lang.Short"/>
    </module>
    <module name="ModifiedControlVariable"/>
    <module name="MultipleVariableDeclarations"/>
    <module name="PackageDeclaration"/>
    <module name="ParameterAssignment"/>
    <module name="SimplifyBooleanExpression"/>
    <module name="SimplifyBooleanReturn"/>
    <module name="StringLiteralEquality"/>
    <module name="SuperClone"/>
    <module name="UnnecessaryParentheses"/>
    <module name="FinalClass"/>
    <module name="HideUtilityClassConstructor"/>
    <module name="MutableException"/>
    <module name="OneTopLevelClass"/>
    <module name="VisibilityModifier">
      <property name="ignoreAnnotationCanonicalNames" value="org.junit.Rule"/>
    </module>
    <module name="ArrayTypeStyle"/>
    <module name="UpperEll"/>
    <module name="AnnotationLocation"/>
    <module name="PackageAnnotation"/>
    <module name="RegexpSinglelineJava">
      <property name="format" value="\s+$"/>
      <property name="message" value="Line has trailing spaces."/>
      <property name="ignoreComments" value="true"/>
    </module>
  </module>
  <module name="NewlineAtEndOfFile">
    <property name="fileExtensions" value="java,txt,xml,xsl,gradle,groovy"/>
  </module>
  <module name="Translation"/>
  <module name="RegexpMultiline">
    <property name="format" value="@Ignore[^(]"/>
    <property name="message" value="@Ignore annotation without a cause"/>
  </module>
  <module name="RegexpHeader">
    <property name="header" value="/\*\n \* Copyright \(c\) 201[3-9] GE. All Rights Reserved.\n \* GE Confidential: Restricted Internal Distribution\n \*/\n"/>
    <property name="fileExtensions" value="java"/>
  </module>
  <module name="UniqueProperties"/>
</module>
