{
	"variables": [],
	"info": {
		"name": "1ManMultiple",
		"_postman_id": "b67a8827-ac05-d5c6-21f3-01f363a44ca7",
		"description": "One Man Multiple REST APIs collection",
		"schema": "https://schema.getpostman.com/json/collection/v2.0.0/collection.json"
	},
	"item": [
		{
			"name": "Data Upload - APIs",
			"description": "",
			"item": [
				{
					"name": "Upload Data",
					"request": {
						"url": "{{host}}/omm/v1/uploadommdata",
						"method": "POST",
						"header": [],
						"body": {
							"mode": "formdata",
							"formdata": [
								{
									"key": "file",
									"value": "1manmultipledata.xlsx",
									"type": "file",
									"enabled": true
								}
							]
						},
						"description": ""
					},
					"response": []
				},
				{
					"name": "Optimize Tasks",
					"request": {
						"url": "{{host}}/omm/v1/taskoptimizer/AVLP1-WG1/sequencetasks",
						"method": "GET",
						"header": [],
						"body": {
							"mode": "formdata",
							"formdata": [
								{
									"key": "file",
									"value": "1manmultipledata.xlsx",
									"type": "file",
									"enabled": true
								}
							]
						},
						"description": ""
					},
					"response": []
				},
				{
					"name": "Get Next Task",
					"request": {
						"url": "{{host}}/omm/v1/taskoptimizer/AVLP1-WG1/sequencetasks/121/nexttask",
						"method": "GET",
						"header": [],
						"body": {
							"mode": "formdata",
							"formdata": [
								{
									"key": "file",
									"value": "1manmultipledata.xlsx",
									"type": "file",
									"enabled": true
								}
							]
						},
						"description": ""
					},
					"response": []
				}
			]
		},
		{
			"name": "Machine -APIs",
			"description": "",
			"item": [
				{
					"name": "Get All Machines",
					"request": {
						"url": "{{host}}/omm/v1/machines/",
						"method": "GET",
						"header": [],
						"body": {
							"mode": "formdata",
							"formdata": []
						},
						"description": ""
					},
					"response": []
				},
				{
					"name": "Get Machine Data By Plat",
					"request": {
						"url": "{{host}}/omm/v1/machines/?filter=plantcode=AVLP1",
						"method": "GET",
						"header": [],
						"body": {
							"mode": "formdata",
							"formdata": []
						},
						"description": ""
					},
					"response": []
				},
				{
					"name": "Get Machine Data By MachineCode",
					"request": {
						"url": "{{host}}/omm/v1/machines/search?filter=machinecode=AVLP1-470R",
						"method": "GET",
						"header": [],
						"body": {
							"mode": "formdata",
							"formdata": []
						},
						"description": ""
					},
					"response": []
				},
				{
					"name": "Get Machine Data By Part Number",
					"request": {
						"url": "{{host}}/omm/v1/machines/search?filter=partnumber=2505M71P01",
						"method": "GET",
						"header": [],
						"body": {
							"mode": "formdata",
							"formdata": []
						},
						"description": ""
					},
					"response": []
				}
			]
		},
		{
			"name": "Operation - APIs",
			"description": "",
			"item": []
		},
		{
			"name": "Task - APIs",
			"description": "",
			"item": []
		},
		{
			"name": "Work Group - APIs",
			"description": "",
			"item": []
		}
	]
}