{
	"EQUP_PROD_DTLS": [{
		"equpName": "EquipmentTwo",
		"shiftNum": 1.00,
		"shiftLength": 540.00,
		"breakEqup": 32.00,
		"blockedTime": 18.00,
		"starvedTime": 10.00,
		"faultTime": 10.00,
		"idealCycleTime": 0.50,
		"totalUnitProduced": 594.0,
		"rejectedUnit": 1.0,
		"updatedTime": 1420156800000,
		"equipId": 2,
		"siteEqup": "AP1",
		"plannedProdTime": 508.00,
		"operationTime": 458.00,
		"goodUnitProduced": 593.0,
		"availability": 0.90,
		"performanceSpeedLoss": 0.65,
		"quality": 99.83,
		"oee": 58.400550,
		"shitName": null
	},{}]
}