<?xml version="1.0" encoding="UTF-8"?>

<!DOCTYPE struts-config PUBLIC

"-//Apache Software Foundation//DTD Struts Configuration 1.3//EN"

"http://struts.apache.org/dtds/struts-config_1_3.dtd">

<struts-config>

	<!-- ========== Form Bean Definitions ================================== -->

	<form-beans>

		<form-bean name="userForm" type="com.app.struts.form.AddUserForm" />
		<form-bean name="searchForm" type="com.app.struts.form.SearchForm" />
		<form-bean name="salonForm" type="com.app.struts.form.SalonForm" />

	</form-beans>
	<!-- <global-forwards> <forward name="userForm" path="/addUser.do"/> </global-forwards> -->

	<!-- ========== Action Mapping Definitions ============================= -->

	<action-mappings>

		<action name="userForm" path="/addUser" input="/userForm.jsp"
			type="com.app.struts.action.AddUserAction">

			<forward name="success" path="/userForm.jsp" />

		</action>
		<action name="searchForm" path="/searchUser" input="/searchUser.jsp"
			type="com.app.struts.action.SearchAction">

			<forward name="success" path="/searchUser.jsp" />

		</action>
		<action name="salonForm" path="/getSalon" input="/userForm.jsp"
			type="com.app.struts.action.SalonAction">

			<forward name="success" path="/userForm.jsp" />

		</action>


	</action-mappings>

</struts-config>
