<?xml version="1.0" encoding="UTF-8"?>
<beans xmlns="http://www.springframework.org/schema/beans"
       xmlns:oauth="http://www.springframework.org/schema/security/oauth2"
       xmlns:sec="http://www.springframework.org/schema/security" xmlns:xsi="http://www.w3.org/2001/XMLSchema-instance"
       xsi:schemaLocation="http://www.springframework.org/schema/beans http://www.springframework.org/schema/beans/spring-beans.xsd
        http://www.springframework.org/schema/security/oauth2 http://www.springframework.org/schema/security/spring-security-oauth2.xsd
        http://www.springframework.org/schema/security http://www.springframework.org/schema/security/spring-security-4.0.xsd">

    <sec:authentication-manager/> 

    <sec:http pattern="/**" request-matcher="ant"
              xmlns="http://www.springframework.org/schema/security"
              disable-url-rewriting="true" use-expressions="true"
              entry-point-ref="preAuthenticationEntryPoint">
        <csrf disabled="true"/>

        <headers>
            <frame-options disabled="true"></frame-options>
        </headers>		
    </sec:http>

    <bean id="preAuthenticationEntryPoint"
          class="org.springframework.security.oauth2.provider.error.OAuth2AuthenticationEntryPoint"/>
</beans>
