<enunciate xmlns:xsi="http://www.w3.org/2001/XMLSchema-instance"
	xsi:noNamespaceSchemaLocation="http://enunciate.webcohesion.com/schemas/enunciate-2.0.0-M.4.xsd">

	<title>API Spec Generation</title>
	<description package="com.geaviation.api" />
	<copyright>geaviation.com</copyright>

	<application root="http://www.trajectory.com/api" />

	<namespaces>
		<namespace id="api" uri="http://api.trajectory.com/" />
		<namespace id="microserviceApi" uri="http://api.trajectory.com/microserviceApi" />
	</namespaces>

	<modules>
		<docs>
			<download file="LICENSE" name="Apache II"
				description="The license governing this API" showLink="true" />
		</docs>
		<java-xml-client>
			<package-conversions>
				<convert from="com.trajectory" to="com.trajectory.client" />
			</package-conversions>
		</java-xml-client>
	</modules>

</enunciate>